class,label,aliases,description,base_name,filename,id,n_id,property,instance_of_value,instance_of_label,described_by_source_value,inception_value,location_value,dissolved_value,contributor_value,official_website_value,identifier_value,country_value
Organisation,International Music Score Library Project,['IMSLP'],,International Music Score Library Project,International Music Score Library Project.md,gAK3b5Jh5UVf,787168613494226231992,instance_of,https://nicholascorniaorpheus.github.io/tresor-des-demoiselles/entity/G5aFCqnqarZS,digital library,,,,,,,,
Organisation,International Music Score Library Project,['IMSLP'],,International Music Score Library Project,International Music Score Library Project.md,gAK3b5Jh5UVf,787168613494226231992,described_by_source,,,,,,,,,,
Organisation,International Music Score Library Project,['IMSLP'],,International Music Score Library Project,International Music Score Library Project.md,gAK3b5Jh5UVf,787168613494226231992,inception,,,,,,,,,,
Organisation,International Music Score Library Project,['IMSLP'],,International Music Score Library Project,International Music Score Library Project.md,gAK3b5Jh5UVf,787168613494226231992,location,,,,,,,,,,
Organisation,International Music Score Library Project,['IMSLP'],,International Music Score Library Project,International Music Score Library Project.md,gAK3b5Jh5UVf,787168613494226231992,dissolved,,,,,,,,,,
Organisation,International Music Score Library Project,['IMSLP'],,International Music Score Library Project,International Music Score Library Project.md,gAK3b5Jh5UVf,787168613494226231992,contributor,,,,,,,,,,
Organisation,International Music Score Library Project,['IMSLP'],,International Music Score Library Project,International Music Score Library Project.md,gAK3b5Jh5UVf,787168613494226231992,official_website,,,,,,,,https://imslp.org/,,
Organisation,International Music Score Library Project,['IMSLP'],,International Music Score Library Project,International Music Score Library Project.md,gAK3b5Jh5UVf,787168613494226231992,identifier,,,,,,,,,http://www.wikidata.org/entity/Q523660,
Organisation,International Music Score Library Project,['IMSLP'],,International Music Score Library Project,International Music Score Library Project.md,gAK3b5Jh5UVf,787168613494226231992,country,,,,,,,,,,
